_RAJ2000,_DEJ2000,HIP,RAhms,DEdms,Vmag,RAICRS,DEICRS,Plx,pmRA,pmDE,e_Plx,B-V,Notes,_RA_icrs,_DE_icrs,recno
0.2223452058,35.7526241534,74,00 00 53.25,+35 45 09.8,9.93,0.22187281,35.75272213,24.22,157.73,-40.31,1.36,1.068,,0.22234521,35.75262415,74
2.600381653,58.4894800142,848,00 10 24.20,+58 29 22.2,7.74,2.60083995,58.48950539,10.35,-98.55,-10.44,0.82,0.473,,2.60038165,58.48948001,847
4.4464715938,-66.3589059226,1419,00 17 47.06,-66 21 32.0,7.79,4.44607568,-66.35889343,12.92,65.32,-5.14,0.73,0.772,,4.44647159,-66.35890592,1419
12.5412515499,-83.7438990173,3911,00 50 09.16,-83 44 38.3,7.94,12.53815505,-83.7439717,16.94,138.83,29.9,0.61,0.522,,12.54125155,-83.74389902,3908
14.2983855995,-67.496261486,4460,00 57 11.58,-67 29 46.7,10.01,14.29823897,-67.49629775,3.08,23.09,14.92,1.1,0.537,,14.2983856,-67.49626149,4457
14.317791929,-51.5846394829,4468,00 57 16.17,-51 35 03.5,10.77,14.3173875,-51.58429906,34.4,103.39,-140.06,1.91,1.3,,14.31779193,-51.58463948,4465
14.5516873667,-64.7616085026,4548,00 58 12.41,-64 45 41.9,8.49,14.55169187,-64.76164552,5.67,-0.79,15.23,0.78,0.426,,14.55168737,-64.7616085,4544
14.7330595879,-76.5896935652,4599,00 58 55.52,-76 35 22.5,10.95,14.73132525,-76.58958196,5.56,165.49,-45.92,1.5,0.678,,14.73305959,-76.58969357,4596
15.2176235602,-24.4239445865,4739,01 00 52.16,-24 25 26.1,9.56,15.21733793,-24.423917,10.44,107.0,-11.35,1.44,0.555,,15.21762356,-24.42394459,4736
19.5954470422,63.5450451836,6105,01 18 22.91,+63 32 42.1,8.43,19.59547574,63.54502151,6.22,-5.26,9.74,1.49,0.223,,19.59544704,63.54504518,6100
20.4391091575,-46.7143789833,6365,01 21 45.48,-46 42 51.1,11.48,20.43952009,-46.71418505,42.73,-115.92,-79.79,3.53,1.627,,20.43910916,-46.71437898,6360
22.7565933736,-51.2154325816,7060,01 31 01.46,-51 12 54.9,7.76,22.75606539,-51.21526118,11.64,136.07,-70.52,0.75,0.624,,22.75659337,-51.21543258,7055
22.9730114686,46.3998401449,7132,01 31 53.53,+46 23 59.5,8.25,22.97303399,46.39985169,3.38,-6.39,-4.75,1.0,0.087,,22.97301147,46.39984014,7128
24.3543114558,-45.6778857315,7562,01 37 25.01,-45 40 40.6,9.28,24.35421593,-45.67793111,9.48,27.46,18.67,1.19,0.49,,24.35431146,-45.67788573,7557
24.8844157657,-7.3946174015,7730,01 39 32.25,-07 23 40.3,9.66,24.88436959,-7.39454028,9.29,18.84,-31.73,3.16,0.61,,24.88441577,-7.3946174,7725
26.2096450741,-18.4009068406,8152,01 44 50.37,-18 24 02.3,10.07,26.20987223,-18.40063824,7.88,-88.68,-110.51,1.69,0.695,,26.20964507,-18.40090684,8147
30.9042690473,21.2808671396,9618,02 03 36.93,+21 16 50.2,9.2,30.9038571,21.28060272,15.18,157.93,108.79,1.31,0.689,,30.90426905,21.28086714,9611
32.8828018406,-76.1075768852,10229,02 11 31.73,-76 06 27.6,9.52,32.88220235,-76.10765532,10.48,59.22,32.27,0.95,0.642,,32.88280184,-76.10757689,10221
33.4582370584,-80.5827973765,10389,02 13 49.90,-80 34 58.2,9.32,33.45789956,-80.58284171,5.97,22.72,18.24,0.91,0.407,,33.45823706,-80.58279738,10381
34.6835787035,-54.8597821949,10779,02 18 43.96,-54 51 35.3,9.03,34.68318611,-54.85981214,14.36,92.97,12.32,0.87,0.656,,34.6835787,-54.85978219,10771
36.7127456996,37.5504824625,11397,02 26 51.06,+37 33 01.8,8.14,36.71274665,37.5505039,8.61,-0.31,-8.82,1.05,0.297,,36.7127457,37.55048246,11388
38.2062808474,5.2100003971,11836,02 32 49.46,+05 12 36.4,8.49,38.2060875,5.21011422,16.15,79.22,-46.83,1.51,0.501,,38.20628085,5.2100004,11828
38.272011786,-10.3517819907,11865,02 33 05.38,-10 21 05.6,9.78,38.27243708,-10.3515568,22.04,-172.13,-92.65,1.42,0.99,,38.27201179,-10.35178199,11856
40.3636658377,-71.4625132681,12548,02 41 27.02,-71 27 44.4,7.76,40.36258001,-71.46233499,18.8,142.03,-73.35,1.09,0.7,,40.36366584,-71.46251327,12536
42.4353648284,71.7532321672,13192,02 49 44.32,+71 45 11.9,8.17,42.43465843,71.75331104,12.78,91.0,-32.45,0.9,0.643,,42.43536483,71.75323217,13180
42.5579070416,25.3336178285,13224,02 50 13.86,+25 20 01.2,7.51,42.55774432,25.33366853,12.44,60.51,-20.86,0.97,0.408,,42.55790704,25.33361783,13212
42.9843581712,-30.8145199527,13363,02 51 56.16,-30 48 53.2,6.38,42.9840101,-30.81477504,31.18,122.99,104.95,0.69,0.484,,42.98435817,-30.81451995,13351
44.2622936594,-56.1920864217,13754,02 57 02.99,-56 11 32.0,8.99,44.26245332,-56.19221021,26.81,-36.55,50.93,0.75,0.876,,44.26229366,-56.19208642,13742
44.7933205371,19.9898371429,13913,02 59 10.36,+19 59 23.6,7.34,44.79318633,19.98990007,10.94,51.89,-25.89,0.93,0.396,,44.79332054,19.98983714,13901
45.5983031235,43.183853584,14145,03 02 23.59,+43 11 02.0,9.68,45.59827369,43.18388015,3.92,8.83,-10.93,1.45,0.594,,45.59830312,43.18385358,14133
47.5165952335,-50.8323821813,14710,03 10 03.89,-50 49 56.8,7.57,47.51621606,-50.83245155,12.89,98.53,28.54,0.63,0.585,,47.51659523,-50.83238218,14698
48.2834880415,-34.3755533958,14982,03 13 07.98,-34 22 32.3,8.84,48.28323122,-34.37563691,8.67,87.21,34.36,1.07,0.587,,48.28348804,-34.3755534,14970
48.499525925,-8.5735676794,15053,03 13 59.89,-08 34 24.2,8.45,48.49956223,-8.57340036,5.26,-14.77,-68.84,1.64,0.5,D,48.49952592,-8.57356768,15041
49.6616314882,-42.6421090446,15407,03 18 38.83,-42 38 31.6,8.4,49.66178847,-42.64212426,10.19,-47.51,6.26,1.27,0.5,,49.66163149,-42.64210904,15394
50.8005854062,33.0783860228,15767,03 23 12.07,+33 04 42.7,7.96,50.80027132,33.07852561,8.09,108.28,-57.43,1.06,0.598,,50.80058541,33.07838602,15753
51.6403633815,-43.6135684044,16038,03 26 33.69,-43 36 48.6,9.17,51.64036553,-43.61351046,12.63,-0.64,-23.84,1.0,0.626,,51.64036338,-43.6135684,16024
52.2255944404,-19.9797698103,16212,03 28 54.14,-19 58 47.1,10.1,52.22556413,-19.97974847,4.37,11.72,-8.78,1.95,0.55,,52.22559444,-19.97976981,16199
0.0,0.0,16216,03 28 55.29,-19 58 26.4,11.41,0.0,0.0,0.0,0.0,0.0,0.0,0.0,G,0.0,0.0,16202
53.178266015,-51.7890157639,16521,03 32 42.69,-51 47 21.4,9.47,53.17785453,-51.7892814,8.8,104.72,109.29,0.97,0.609,,53.17826602,-51.78901576,16507
54.3087344787,-44.4720274311,16881,03 37 14.10,-44 28 19.4,8.55,54.30875202,-44.47204707,0.74,-5.15,8.08,1.19,0.477,,54.30873448,-44.47202743,16867
54.8198404958,-42.7625524943,17047,03 39 16.80,-42 45 44.2,8.27,54.82001172,-42.7622828,16.58,-51.72,-110.96,0.82,0.53,,54.8198405,-42.76255249,17033
55.4599877665,-62.7670756925,17264,03 41 50.53,-62 46 01.1,9.73,55.46053888,-62.76696977,25.57,-103.76,-43.58,1.0,1.013,,55.45998777,-62.76707569,17250
56.337484369,60.3509400917,17540,03 45 21.06,+60 21 03.4,8.02,56.33775642,60.35094996,12.87,-55.37,-4.06,1.09,0.581,,56.33748437,60.35094009,17526
56.7573913361,8.6647475664,17668,03 47 01.77,+08 39 53.3,10.89,56.75737774,8.66481149,8.85,5.53,-26.3,4.18,0.591,,56.75739134,8.66474757,17654
60.2782749005,4.5411413457,18761,04 01 06.76,+04 32 28.7,8.77,60.27816384,4.54129187,14.24,45.55,-61.93,1.62,0.53,,60.2782749,4.54114135,18745
60.7479526045,9.2084890498,18893,04 02 59.45,+09 12 32.0,6.91,60.74772307,9.20888472,22.7,93.22,-162.79,0.84,0.466,,60.7479526,9.20848905,18877
64.1841200497,-26.7659063747,19950,04 16 44.21,-26 45 56.2,9.86,64.18419257,-26.76562234,17.02,-26.64,-116.86,1.56,0.909,,64.18412005,-26.76590637,19933
64.3114187794,-38.8441721889,19989,04 17 14.73,-38 50 39.0,8.84,64.31138673,-38.8441683,0.93,10.27,-1.6,0.9,0.077,,64.31141878,-38.84417219,19972
65.2380425543,-68.102649962,20295,04 20 57.10,-68 06 09.4,9.42,65.23790641,-68.10261766,7.27,20.89,-13.29,0.85,0.576,,65.23804255,-68.10264996,20278
65.3457503218,62.2456946722,20334,04 21 22.95,+62 14 45.6,8.25,65.34561394,62.2459947,12.52,26.13,-123.44,0.98,1.071,,65.34575032,62.24569467,20317
65.9156892141,-53.8511096072,20504,04 23 39.78,-53 51 04.0,10.0,65.91576985,-53.85111301,3.38,-19.57,1.4,2.39,0.57,,65.91568921,-53.85110961,20486
65.9797146918,27.8225498628,20528,04 23 55.15,+27 49 21.5,10.97,65.9797729,27.82264621,19.26,-21.18,-39.64,2.09,1.21,,65.97971469,27.82254986,20510
67.5524267915,5.2988180163,21000,04 30 12.52,+05 17 54.7,9.83,67.55216585,5.29852669,84.76,106.9,119.86,4.74,0.6,,67.55242679,5.29881802,20982
68.2889252419,-36.9460484686,21223,04 33 09.35,-36 56 46.1,8.74,68.28897895,-36.94615167,39.93,-17.66,42.46,0.93,0.99,,68.28892524,-36.94604847,21205
70.7752935345,-50.2196340565,21952,04 43 06.04,-50 13 11.1,8.95,70.77515948,-50.21973631,9.72,35.29,42.07,0.78,0.584,,70.77529353,-50.21963406,21934
71.2665381135,5.8716775414,22084,04 45 03.96,+05 52 18.2,8.49,71.26649533,5.87171959,5.89,17.51,-17.3,1.3,0.308,,71.26653811,5.87167754,22066
72.3561139843,-43.353692561,22414,04 49 25.43,-43 21 13.3,9.79,72.35596089,-43.35368945,3.97,45.8,-1.28,0.97,0.384,,72.35611398,-43.35369256,22397
73.7057731432,22.146486665,22838,04 54 49.40,+22 08 47.6,8.01,73.70583754,22.14655054,8.53,-24.54,-26.28,1.01,0.402,,73.70577314,22.14648666,22820
77.3944799107,24.3253060628,24007,05 09 34.63,+24 19 32.7,10.3,77.39428498,24.32574524,10.29,73.08,-180.69,1.94,0.991,,77.39447991,24.32530606,23983
77.5468130555,-57.5866717463,24061,05 10 11.27,-57 35 12.0,9.82,77.54694011,-57.58666567,4.2,-28.02,-2.5,1.0,0.87,,77.54681306,-57.58667175,24043
78.2955353465,33.3181664803,24323,05 13 10.92,+33 19 05.8,8.56,78.2955069,33.31828689,7.54,9.78,-49.54,1.13,0.439,,78.29553535,33.31816648,24306
79.4324539169,-0.3701017704,24689,05 17 43.79,-00 22 12.3,9.04,79.43246782,-0.37009076,5.72,-5.72,-4.53,1.26,0.113,,79.43245392,-0.37010177,24672
79.5222718354,-80.9645751291,24718,05 18 05.53,-80 57 52.9,8.44,79.52304258,-80.9646908,14.06,-49.8,47.59,0.88,0.7,,79.52227184,-80.96457513,24701
79.8440012829,3.1227204151,24830,05 19 22.53,+03 07 21.9,8.69,79.84389009,3.12274562,8.18,45.68,-10.37,1.55,1.033,,79.84400128,3.12272042,24813
80.002989514,32.7855983971,24877,05 20 00.71,+32 47 08.5,7.0,80.00293918,32.78569297,17.35,17.41,-38.91,0.91,0.579,,80.00298951,32.7855984,24860
81.3491638812,-44.4308077109,25359,05 25 23.83,-44 25 50.0,9.36,81.34930704,-44.43054227,13.91,-42.06,-109.21,0.88,0.634,,81.34916388,-44.43080771,25342
82.24636675,-17.4292389192,25670,05 28 59.18,-17 25 44.6,8.27,82.24658227,-17.42905777,21.35,-84.6,-74.53,1.09,0.657,,82.24636675,-17.42923892,25652
82.558347971,-42.6973323126,25775,05 30 13.98,-42 41 49.1,9.72,82.55823834,-42.69697908,51.56,33.15,-145.33,3.73,1.343,,82.55834797,-42.69733231,25758
82.7166337091,-54.8982750583,25827,05 30 52.00,-54 53 54.1,9.07,82.71665087,-54.8983506,3.61,-4.06,31.08,0.79,0.454,,82.71663371,-54.89827506,25809
83.269163803,-26.7245160899,26013,05 33 04.59,-26 43 29.6,9.12,83.26912293,-26.72488551,29.57,15.02,151.99,1.17,1.045,,83.2691638,-26.72451609,25995
83.8659268166,21.2943432361,26250,05 35 27.82,+21 17 39.8,9.24,83.86592966,21.294397,5.3,-1.09,-22.12,1.52,0.568,,83.86592682,21.29434324,26232
87.4017251938,-54.9107108901,27515,05 49 36.40,-54 54 39.1,9.07,87.40168676,-54.91087347,7.91,9.09,66.89,0.89,0.534,,87.40172519,-54.91071089,27495
87.9525208475,15.8820693562,27695,05 51 48.61,+15 52 55.5,9.46,87.9525281,15.88209145,3.12,-2.87,-9.09,1.76,0.41,,87.95252085,15.88206936,27675
88.3693076512,37.3390534549,27844,05 53 28.67,+37 20 19.9,6.7,88.36944204,37.33884958,14.93,-43.96,83.88,1.19,0.2,,88.36930765,37.33905345,27824
88.3786593263,-16.2650069312,27849,05 53 30.90,-16 15 53.3,7.28,88.37876402,-16.2647919,18.06,-41.35,-88.47,0.84,0.543,,88.37865933,-16.26500693,27829
89.1546232029,10.5517434301,28122,05 56 37.12,+10 33 06.2,9.48,89.15466417,10.55171876,23.63,-16.57,10.15,3.2,0.722,,89.1546232,10.55174343,28101
92.1058101931,-11.1462880385,29118,06 08 25.39,-11 08 46.5,6.79,92.10577945,-11.14625666,13.02,12.41,-12.91,1.28,0.0,G,92.10581019,-11.14628804,29097
92.6639511204,30.9571440055,29301,06 10 39.33,+30 57 25.7,8.68,92.66389092,30.9571477,8.05,21.24,-1.52,1.24,0.53,,92.66395112,30.95714401,29280
93.0582013379,-14.6500197709,29442,06 12 14.01,-14 39 01.5,9.49,93.05839483,-14.65041233,13.21,-77.02,161.51,1.82,0.836,,93.05820134,-14.65001977,29421
95.6193136682,-63.6975819137,30310,06 22 28.58,-63 41 53.6,10.87,95.61907901,-63.6982194,12.19,42.78,262.28,1.42,1.15,,95.61931367,-63.69758191,30289
96.0719313102,-53.5759440184,30465,06 24 17.30,-53 34 33.9,9.16,96.07208494,-53.57607889,7.03,-37.53,55.49,0.77,0.806,,96.07193131,-53.57594402,30444
98.1429684566,-55.6485953152,31179,06 32 34.19,-55 38 54.2,7.92,98.14246961,-55.64838466,13.7,115.81,-86.67,0.58,0.778,,98.14296846,-55.64859532,31158
100.5876364361,-58.1830469865,32099,06 42 21.02,-58 10 58.9,9.25,100.58756802,-58.18301449,7.16,14.84,-13.37,20.29,0.48,G,100.58763644,-58.18304699,32075
100.8480415089,27.2522929943,32209,06 43 23.54,+27 15 08.4,10.92,100.84807429,27.25233497,-4.35,-11.99,-17.27,2.83,0.569,,100.84804151,27.25229299,32185
101.6938811474,-6.1447718806,32483,06 46 46.53,-06 08 41.2,8.34,101.69388699,-6.14476595,1.0,-2.39,-2.44,1.45,0.115,D,101.69388115,-6.14477188,32459
102.2239208318,-73.2998955816,32674,06 48 54.04,-73 18 00.8,8.04,102.2251745,-73.3002092,14.54,-148.22,129.03,0.62,0.488,,102.22392083,-73.29989558,32650
102.5042289506,-60.2491464044,32775,06 50 01.01,-60 14 57.9,6.11,102.50420544,-60.24940871,30.16,4.8,107.92,0.75,0.457,,102.50422895,-60.2491464,32751
103.5616701939,-34.222863865,33170,06 54 14.81,-34 13 22.4,7.33,103.56170732,-34.22288574,4.53,-12.63,9.0,1.03,-0.022,,103.56167019,-34.22286386,33146
103.6784387666,24.2455586116,33212,06 54 42.85,+24 14 44.9,6.84,103.67853817,24.24579282,32.23,-37.29,-96.36,1.01,0.582,,103.67843877,24.24555861,33188
103.9073829119,42.0433280292,33304,06 55 37.84,+42 02 36.8,9.43,103.90766212,42.04355079,8.98,-85.31,-91.65,1.47,0.613,,103.90738291,42.04332803,33280
104.7499137908,-47.0233455014,33609,06 58 59.99,-47 01 24.0,7.28,104.7499508,-47.0233368,7.13,-10.38,-3.58,0.58,-0.012,,104.74991379,-47.0233455,33585
104.9583437544,-49.5071571849,33681,06 59 49.91,-49 30 25.2,9.02,104.95796552,-49.50699288,10.89,101.05,-67.6,0.86,0.587,,104.95834375,-49.50715718,33657
106.3961697797,-51.3840517996,34209,07 05 35.08,-51 23 02.7,8.86,106.39618232,-51.38408731,8.5,-3.22,14.61,0.8,0.488,,106.39616978,-51.3840518,34184
106.5582257734,-47.5871847345,34269,07 06 13.86,-47 35 12.6,10.54,106.55774072,-47.58683143,21.26,134.6,-145.36,1.26,1.161,,106.55822577,-47.58718473,34243
106.5700159992,22.6834891786,34271,07 06 16.86,+22 41 01.2,8.25,106.57025077,22.68367796,22.77,-89.12,-77.67,1.03,0.702,,106.570016,22.68348918,34245
107.2860806665,-31.9335550711,34519,07 09 08.66,-31 56 00.9,7.49,107.2860947,-31.93357121,1.29,-4.9,6.64,0.67,-0.117,,107.28608067,-31.93355507,34493
112.0181408381,30.3224059054,36272,07 28 04.37,+30 19 22.0,8.96,112.01819873,30.32278077,21.41,-20.56,-154.23,1.33,0.894,,112.01814084,30.32240591,36243
112.9419346269,-75.5274300969,36612,07 31 46.06,-75 31 38.5,8.69,112.94193735,-75.52736209,9.9,-0.28,-27.98,0.69,0.428,,112.94193463,-75.5274301,36582
113.9840190494,-32.8414203978,36964,07 35 56.06,-32 50 27.9,8.94,113.98359651,-32.84109152,19.22,146.06,-135.31,1.03,0.766,,113.98401905,-32.8414204,36935
117.0953036646,6.7850712271,38093,07 48 22.88,+06 47 06.3,8.18,117.09531862,6.7850713,6.23,-6.11,-0.03,1.19,0.069,,117.09530366,6.78507123,38062
117.4794212554,27.3631814322,38228,07 49 55.07,+27 21 47.6,6.9,117.47944668,27.36321021,45.84,-9.29,-11.84,0.89,0.682,,117.47942126,27.36318143,38197
117.9249904001,9.3860520412,38374,07 51 42.04,+09 23 11.4,8.58,117.92517891,9.38651076,20.06,-76.52,-188.73,1.27,0.726,,117.9249904,9.38605204,38343
118.3884387554,-63.7698613526,38542,07 53 33.23,-63 46 11.6,8.98,118.38844211,-63.76989312,3.48,-0.61,13.07,1.27,0.475,,118.38843876,-63.76986135,38509
118.9367269532,-48.0417518053,38729,07 55 44.80,-48 02 30.3,9.42,118.93667973,-48.04174184,11.5,12.99,-4.1,0.89,0.785,,118.93672695,-48.04175181,38696
121.4549787524,20.8037545342,39624,08 05 49.19,+20 48 13.2,9.36,121.45496596,20.80366193,17.13,4.92,38.1,1.46,0.737,,121.45497875,20.80375453,39593
124.3002291666,-65.6571645405,40585,08 17 12.08,-65 39 26.0,8.85,124.30033961,-65.65721286,4.04,-18.73,19.88,1.67,0.364,,124.30022917,-65.65716454,40553
124.6028311485,-7.5712824633,40694,08 18 24.70,-07 34 16.7,7.59,124.60290733,-7.57130638,8.87,-31.07,9.84,0.92,0.244,,124.60283115,-7.57128246,40662
126.6160398419,10.0803776843,41378,08 26 27.88,+10 04 49.3,8.93,126.61615698,10.08037066,8.61,-47.45,2.89,1.36,0.495,,126.61603984,10.08037768,41346
127.1283315307,-74.9548145626,41565,08 28 30.84,-74 57 17.5,8.92,127.12849745,-74.95486033,2.99,-17.72,18.83,0.87,0.546,,127.12833153,-74.95481456,41533
127.2226225891,-20.9504014731,41603,08 28 53.43,-20 57 01.3,6.69,127.22262147,-20.95036098,2.43,0.43,-16.66,0.82,-0.066,,127.22262259,-20.95040147,41571
127.9952525134,-16.8849191087,41849,08 31 58.85,-16 53 05.3,9.22,127.99521774,-16.88480689,5.03,13.69,-46.17,1.12,0.498,,127.99525251,-16.88491911,41817
128.6143143528,-61.4882962583,42067,08 34 27.45,-61 29 17.9,8.44,128.61437515,-61.4883088,1.36,-11.94,5.16,0.66,0.079,,128.61431435,-61.48829626,42035
129.6885833865,-13.2566892723,42401,08 38 45.30,-13 15 24.4,9.67,129.6887438,-13.25678613,29.73,-64.24,39.85,1.55,1.112,,129.68858339,-13.25668927,42369
129.6896691167,23.685905274,42403,08 38 45.55,+23 41 10.6,6.89,129.6897941,23.68626609,28.52,-47.09,-148.45,0.95,0.547,,129.68966912,23.68590527,42371
130.3960361437,-22.1943270293,42654,08 41 35.06,-22 11 39.6,7.8,130.39610135,-22.19434363,4.47,-24.84,6.83,0.86,0.013,,130.39603614,-22.19432703,42622
134.3730947631,-39.7784235783,43991,08 57 29.55,-39 46 42.3,9.45,134.37314157,-39.77842562,7.39,-14.8,0.84,1.05,0.48,,134.37309476,-39.77842358,43958
134.7185131561,-43.4528820004,44094,08 58 52.47,-43 27 10.6,8.29,134.71861273,-43.45293224,6.37,-29.74,20.67,0.83,0.196,,134.71851316,-43.452882,44061
135.2975446862,55.8599440205,44289,09 01 11.42,+55 51 35.8,8.29,135.29759055,55.85995209,4.41,-10.59,-3.32,1.08,0.579,,135.29754469,55.85994402,44257
135.3405011059,-28.3245833543,44302,09 01 21.72,-28 19 28.5,8.31,135.34051019,-28.32457808,1.94,-3.29,-2.17,1.18,0.036,,135.34050111,-28.32458335,44269
136.5277832079,-54.9039574061,44664,09 06 06.68,-54 54 14.3,8.76,136.52782823,-54.90397092,3.5,-10.65,5.56,0.99,0.02,D,136.52778321,-54.90395741,44631
136.7780786587,46.6726009032,44746,09 07 06.80,+46 40 21.7,8.99,136.77831659,46.67269815,8.26,-67.17,-40.01,1.33,0.627,,136.77807866,46.6726009,44713
137.5238398349,75.6108816711,45012,09 10 05.60,+75 36 39.2,9.39,137.52333926,75.61090238,16.16,51.18,-8.52,1.13,0.693,,137.52383983,75.61088167,44980
139.4807694294,-3.3872504021,45621,09 17 55.37,-03 23 13.5,7.78,139.4807061,-3.38709035,30.5,26.01,-65.85,1.07,0.869,,139.48076943,-3.3872504,45588
140.5959575099,-6.0606191046,45961,09 22 23.06,-06 03 38.4,7.33,140.59607581,-6.06065549,8.08,-48.4,14.97,1.02,0.234,,140.59595751,-6.0606191,45928
141.8237190861,-50.356741564,46369,09 27 17.71,-50 21 24.4,10.36,141.82380305,-50.35678563,3.36,-22.04,18.13,4.56,0.568,,141.82371909,-50.35674156,46336
142.5212923663,-51.5171641379,46594,09 30 05.13,-51 31 01.9,5.45,142.5213665,-51.51719294,7.85,-18.98,11.85,0.49,-0.078,,142.52129237,-51.51716414,46561
143.3177150293,9.1684839697,46885,09 33 16.26,+09 10 06.7,8.43,143.31775873,9.16851931,4.82,-17.75,-14.54,1.57,-0.2,,143.31771503,9.16848397,46852
144.023866135,-51.7446728007,47116,09 36 05.74,-51 44 40.9,8.05,144.02392596,-51.74468245,3.08,-15.24,3.97,1.06,-0.02,,144.02386613,-51.7446728,47083
144.5556055731,23.5469222675,47288,09 38 13.39,+23 32 49.3,7.87,144.55577372,23.54702316,13.38,-63.42,-41.51,1.09,0.498,,144.55560557,23.54692227,47256
144.7737485002,-45.4262143108,47371,09 39 05.72,-45 25 34.4,9.12,144.77381766,-45.42622379,5.34,-19.97,3.9,1.39,0.666,D,144.7737485,-45.42621431,47338
146.7247286221,-4.2980707567,47990,09 46 53.96,-04 17 52.7,8.69,146.72483599,-4.29796809,15.09,-44.05,-42.24,1.22,0.663,,146.72472862,-4.29807076,47955
147.2215122587,8.9743074083,48146,09 48 53.15,+08 58 28.0,9.57,147.22146681,8.97445645,13.99,18.47,-61.32,1.56,0.498,,147.22151226,8.97430741,48111
149.1243525111,-24.0993895837,48739,09 56 29.96,-24 05 58.2,7.93,149.12482212,-24.09950314,23.54,-176.37,46.72,0.85,0.647,,149.12435251,-24.09938958,48704
151.6278479671,3.4746539729,49508,10 06 30.72,+03 28 29.4,7.94,151.6279826,3.4748219,13.81,-55.29,-69.09,1.23,0.493,,151.62784797,3.47465397,49471
151.7083229294,-29.9662633175,49531,10 06 50.05,-29 57 57.6,9.22,151.70852426,-29.96598971,11.62,-71.76,-112.57,1.2,0.62,,151.70832293,-29.96626332,49494
151.8070373537,46.1149719804,49576,10 07 13.69,+46 06 54.1,9.31,151.80703809,46.11502922,11.98,-0.21,-23.55,1.44,0.621,,151.80703735,46.11497198,49538
152.1181980379,-50.3073696244,49678,10 08 28.39,-50 18 26.3,10.09,152.11829767,-50.30729943,9.28,-26.18,-28.88,1.33,0.6,,152.11819804,-50.30736962,49641
154.575040329,17.3963947763,50469,10 18 18.08,+17 23 46.9,8.55,154.57533752,17.39637278,15.87,-116.68,9.05,1.09,0.587,,154.57504033,17.39639478,50431
154.6710737032,10.1290280765,50496,10 18 41.05,+10 07 44.9,9.38,154.67106,10.12913033,7.89,5.55,-42.07,1.53,0.842,,154.6710737,10.12902808,50458
154.9491842723,-28.9623586054,50568,10 19 47.78,-28 57 44.5,8.29,154.94907282,-28.96236422,9.42,40.12,2.31,0.98,0.629,,154.94918427,-28.96235861,50530
155.5978752653,-28.8476189574,50807,10 22 23.49,-28 50 51.7,9.44,155.59789,-28.84769569,24.11,-5.31,31.57,1.23,0.955,,155.59787527,-28.84761896,50769
157.0625442217,25.5731884243,51260,10 28 15.00,+25 34 23.6,9.98,157.06251504,25.57321815,4.53,10.83,-12.23,2.53,0.6,,157.06254422,25.57318842,51222
157.0981258889,-51.7052624801,51271,10 28 23.52,-51 42 18.7,8.9,157.09800348,-51.70518181,41.16,31.21,-33.19,0.96,1.045,,157.09812589,-51.70526248,51233
158.5793246691,-9.1631725726,51743,10 34 19.15,-09 09 48.1,10.21,158.57979173,-9.1633615,14.8,-189.71,77.73,1.77,0.823,,158.57932467,-9.16317257,51704
161.7072543684,-9.3990248199,52733,10 46 49.79,-09 23 55.8,8.04,161.70744562,-9.39883582,8.87,-77.63,-77.76,1.21,0.844,,161.70725437,-9.39902482,52693
161.9097853542,71.6558775185,52796,10 47 38.45,+71 39 21.5,8.34,161.9102271,71.65595921,12.45,-57.2,-33.61,0.88,0.476,,161.90978535,71.65587752,52756
164.2881574766,-69.9806232141,53534,10 57 09.21,-69 58 50.2,9.27,164.2883589,-69.98062336,14.66,-28.37,0.06,1.45,0.8,,164.28815748,-69.98062321,53493
166.2691966574,11.246609093,54186,11 05 04.57,+11 14 48.2,9.75,166.26904046,11.2467191,5.96,63.03,-45.26,2.02,0.681,,166.26919666,11.24660909,54145
167.2329698722,34.3031904428,54491,11 08 55.92,+34 18 11.8,8.98,167.23298835,34.30328854,16.16,-6.28,-40.36,1.16,0.661,,167.23296987,34.30319044,54450
167.6082708556,-29.4139788822,54597,11 10 25.99,-29 24 49.7,9.83,167.60829474,-29.41379941,24.76,-8.56,-73.84,1.53,1.07,,167.60827086,-29.41397888,54556
168.6381766632,25.710384694,54906,11 14 33.23,+25 42 37.0,7.76,168.63846191,25.71026742,46.95,-105.74,48.25,0.97,0.845,,168.63817666,25.71038469,54864
169.1186730002,-60.5678635741,55069,11 16 28.42,-60 34 04.7,8.55,169.1184337,-60.5679668,9.86,48.38,42.47,0.87,0.559,,169.118673,-60.56786357,55027
172.2571666847,63.5734790052,56031,11 29 01.58,+63 34 24.3,7.73,172.2565921,63.57340468,13.47,105.21,30.58,0.79,0.495,,172.25716668,63.57347901,55988
176.3805784875,65.5409850951,57350,11 45 31.34,+65 32 26.9,8.78,176.38056751,65.54079855,25.67,1.87,76.75,0.94,0.79,,176.38057849,65.5409851,57304
176.4813894074,11.3708762846,57386,11 45 55.53,+11 22 15.2,9.41,176.48136345,11.37090042,8.2,10.47,-9.93,1.62,0.477,,176.48138941,11.37087628,57338
179.1638533709,-12.377487479,58234,11 56 39.36,-12 22 38.9,9.53,179.16399185,-12.37746067,7.53,-55.65,-11.03,1.44,0.647,,179.16385337,-12.37748748,58187
186.5745441945,-51.3628357427,60689,12 26 17.96,-51 21 45.8,9.25,186.57482482,-51.3627165,15.76,-72.09,-49.06,1.45,0.638,,186.57454419,-51.36283574,60637
188.3605159634,84.6791450854,61278,12 33 27.30,+84 40 45.3,9.41,188.36375424,84.67925233,8.38,-123.55,-44.12,0.83,0.842,,188.36051596,84.67914509,61225
189.5184010333,3.2824441235,61637,12 38 04.43,+03 16 56.9,6.33,189.51847183,3.28247137,5.02,-29.08,-11.21,0.86,0.0,,189.51840103,3.28244412,61584
189.7766674328,-74.573991021,61723,12 39 06.51,-74 34 26.3,9.29,189.77713793,-74.57397515,12.65,-51.49,-6.53,1.04,0.644,,189.77666743,-74.57399102,61670
189.8102731031,-69.5420016766,61737,12 39 14.49,-69 32 31.2,8.43,189.81036573,-69.54199701,3.46,-13.32,-1.92,0.75,0.02,,189.8102731,-69.54200168,61684
190.0365914191,-44.3120131215,61820,12 40 08.78,-44 18 43.1,10.09,190.03659896,-44.311985,10.55,-2.22,-11.57,1.68,0.697,,190.03659142,-44.31201312,61767
192.5916541804,-88.1210346571,62662,12 50 22.35,-88 07 15.6,9.23,192.59313824,-88.12099013,8.73,-20.02,-18.32,0.94,0.546,,192.59165418,-88.12103466,62609
193.3955295841,85.1294752511,62908,12 53 34.80,+85 07 46.1,9.54,193.39502031,85.12945972,9.22,17.79,6.39,0.91,0.589,,193.39552958,85.12947525,62855
197.3174671141,-60.3083470122,64184,13 09 16.24,-60 18 29.9,8.2,197.31766344,-60.30830037,12.04,-40.01,-19.19,0.95,0.445,,197.31746711,-60.30834701,64129
198.539487626,-16.5587290068,64573,13 14 09.39,-16 33 30.2,8.18,198.53914287,-16.55838608,21.74,135.96,-141.09,2.08,0.817,,198.53948763,-16.55872901,64518
200.4528396739,17.7654890397,65205,13 21 48.70,+17 45 55.8,7.82,200.45289784,17.76551213,9.72,-22.79,-9.5,1.17,0.403,,200.45283967,17.76548904,65151
201.2833118832,38.9224849386,65469,13 25 08.09,+38 55 21.2,10.0,201.28370521,38.92255054,25.49,-125.9,-26.99,1.52,1.02,,201.28331188,38.92248494,65413
201.3369448249,75.9827199208,65489,13 25 20.89,+75 58 57.8,8.45,201.33702721,75.98272415,2.68,-8.21,-1.74,0.73,0.393,,201.33694482,75.98271992,65434
203.5105726615,53.728529011,66192,13 34 02.62,+53 43 43.4,8.05,203.51093354,53.72871964,11.29,-87.84,-78.43,0.82,0.699,,203.51057266,53.72852901,66135
205.1699572254,19.2001491451,66730,13 40 40.85,+19 12 01.1,7.65,205.17019218,19.20031593,16.3,-91.29,-68.62,0.96,0.533,,205.16995723,19.20014915,66670
205.8461461823,39.2491394275,66954,13 43 23.01,+39 14 57.6,9.23,205.84587262,39.24933115,36.27,87.16,-78.88,1.19,1.101,,205.84614618,39.24913943,66896
207.5261644366,-40.8358015382,67522,13 50 06.30,-40 50 08.7,9.79,207.52625866,-40.835746,7.94,-29.33,-22.85,1.64,0.67,,207.52616444,-40.83580154,67463
207.9061747567,33.4924326588,67650,13 51 37.52,+33 29 32.8,9.2,207.90633243,33.49245677,5.68,-54.1,-9.92,1.16,0.548,,207.90617476,33.49243266,67591
212.6222261087,72.5901689371,69240,14 10 29.46,+72 35 25.4,8.8,212.62273114,72.59039916,18.84,-62.17,-94.72,1.24,0.773,,212.62222611,72.59016894,69177
212.7210375036,62.5222113958,69275,14 10 53.07,+62 31 20.0,8.28,212.72112558,62.5222165,9.95,-16.72,-2.1,0.68,0.408,,212.7210375,62.5222114,69212
212.8467415918,-50.069939724,69332,14 11 23.24,-50 04 11.7,9.75,212.8468235,-50.06991904,4.97,-21.63,-8.51,2.91,0.999,,212.84674159,-50.06993972,69269
214.4465670796,62.7579186366,69858,14 17 47.33,+62 45 27.6,8.43,214.44720712,62.75765327,6.7,-120.54,109.18,0.72,0.27,,214.44656708,62.75791864,69795
216.9240260296,41.9534216041,70705,14 27 41.84,+41 57 13.2,9.91,216.92432527,41.95366816,17.29,-91.56,-101.44,1.58,1.007,,216.92402603,41.9534216,70644
217.2797979415,-43.3618930051,70833,14 29 07.17,-43 21 42.6,8.82,217.27989419,-43.36184296,8.05,-28.79,-20.59,1.38,0.423,,217.27979794,-43.36189301,70770
219.0373972204,42.3782758636,71409,14 36 09.02,+42 22 41.4,8.86,219.03759207,42.37817152,10.64,-59.22,42.93,0.95,0.509,,219.03739722,42.37827586,71346
220.3503747137,-33.9503863694,71815,14 41 24.11,-33 57 01.2,8.43,220.35047375,-33.95033105,4.46,-33.8,-22.76,1.7,1.0,,220.35037471,-33.95038637,71752
222.3348948346,-60.0798818655,72490,14 49 20.56,-60 04 46.8,9.18,222.33565057,-60.07967301,9.65,-155.09,-85.93,1.49,0.602,,222.33489483,-60.07988187,72427
223.152004425,-61.5686449812,72777,14 52 36.49,-61 34 07.0,8.19,223.15204159,-61.5686242,2.79,-7.28,-8.55,1.14,0.015,,223.15200443,-61.56864498,72714
225.0808242735,-24.4540794698,73427,15 00 19.53,-24 27 14.4,9.92,225.08135877,-24.45401387,33.65,-200.18,-26.99,1.59,1.253,,225.08082427,-24.45407947,73365
226.1813318102,38.6052272643,73765,15 04 43.53,+38 36 18.5,7.49,226.18138145,38.60514499,21.31,-15.96,33.85,0.71,0.503,,226.18133181,38.60522726,73703
226.4579356978,64.0472098111,73869,15 05 50.07,+64 02 49.0,8.4,226.45861033,64.04693708,22.59,-121.47,112.21,0.68,0.677,,226.4579357,64.04720981,73807
227.8704616782,71.8409493917,74326,15 11 29.27,+71 50 26.7,9.08,227.87194689,71.84075663,13.75,-190.44,79.31,0.82,0.651,,227.87046168,71.84094939,74264
228.5684017893,51.4687482272,74576,15 14 16.39,+51 28 07.3,8.86,228.56827549,51.46868688,8.21,32.37,25.24,0.78,0.58,,228.56840179,51.46874823,74514
228.9500689841,27.3617726558,74685,15 15 48.05,+27 21 42.3,8.7,228.95021477,27.36174451,10.44,-53.27,11.58,1.28,0.504,,228.95006898,27.36177266,74623
236.0693254141,-54.3208549958,77073,15 44 16.66,-54 19 14.9,7.66,236.0693978,-54.3208146,4.96,-17.37,-16.62,1.79,0.362,,236.06932541,-54.320855,77009
238.0011142519,-76.4934433254,77717,15 52 00.28,-76 29 36.3,9.74,238.0011641,-76.49342794,1.38,-4.79,-6.33,1.28,0.39,,238.00111425,-76.49344333,77652
238.7020798078,-65.9012081073,77921,15 54 48.47,-65 54 04.5,7.55,238.70197129,-65.90125859,20.54,18.23,20.77,1.09,0.621,,238.70207981,-65.90120811,77857
239.8256997587,-49.3664918665,78301,15 59 18.20,-49 21 59.1,8.9,239.82581296,-49.36640687,9.83,-30.33,-34.97,1.66,0.7,D,239.82569976,-49.36649187,78236
241.5806963219,53.5150394735,78892,16 06 19.30,+53 30 55.0,8.35,241.58040937,53.51526746,13.57,70.2,-93.8,0.73,0.58,,241.58069632,53.51503947,78827
242.2010402349,35.6912410306,79105,16 08 48.25,+35 41 28.7,9.11,242.20105852,35.69129285,4.77,-6.11,-21.32,1.03,0.506,,242.20104023,35.69124103,79040
244.3811905188,61.3685525463,79823,16 17 31.34,+61 22 07.4,8.19,244.3805936,61.36872519,12.25,117.68,-71.03,0.66,0.427,,244.38119052,61.36855255,79758
244.564434392,42.6270054585,79876,16 18 15.50,+42 37 37.1,8.38,244.56456329,42.62696866,7.91,-39.02,15.14,0.74,0.414,,244.56443439,42.62700546,79812
245.1514882887,41.0480837325,80076,16 20 36.37,+41 02 53.4,8.72,245.15152258,41.04815592,7.39,-10.64,-29.7,0.88,0.463,,245.15148829,41.04808373,80011
245.7279214021,61.6946282107,80243,16 22 54.56,+61 41 40.3,8.71,245.72733059,61.69451733,27.56,115.26,45.62,0.7,0.815,,245.7279214,61.69462821,80177
245.7795316104,50.3442147748,80264,16 23 07.04,+50 20 39.2,7.42,245.77931909,50.3442349,19.39,55.8,-8.28,0.58,0.516,,245.77953161,50.34421477,80199
247.6234133533,38.3473095856,80838,16 30 29.68,+38 20 49.8,8.15,247.62365236,38.34717994,12.68,-77.12,53.34,0.79,0.611,,247.62341335,38.34730959,80773
248.4336102968,61.718299939,81087,16 33 44.08,+61 43 05.8,9.96,248.43365072,61.71827663,4.09,-7.88,9.59,1.11,0.908,,248.4336103,61.71829994,81022
251.3619662928,-71.8398130803,82032,16 45 26.79,-71 50 23.8,7.59,251.36164461,-71.83994715,18.42,41.25,55.16,0.82,0.539,,251.36196629,-71.83981308,81966
254.9586603028,58.4625822454,83168,16 59 50.09,+58 27 45.2,6.87,254.95870705,58.46255286,7.14,-10.06,12.09,0.5,0.122,,254.9586603,58.46258225,83100
255.5656174938,64.6007386252,83359,17 02 15.78,+64 36 02.4,6.11,255.56573264,64.60065516,9.05,-20.32,34.34,0.5,0.96,,255.56561749,64.60073863,83291
256.982622456,32.1054848264,83827,17 07 55.94,+32 06 20.1,7.21,256.98308692,32.10558623,27.68,-161.87,-41.72,0.71,0.562,,256.98262246,32.10548483,83757
257.785095161,56.6592072632,84062,17 11 08.43,+56 39 33.7,6.98,257.78510887,56.6593696,35.47,-3.1,-66.79,1.25,0.705,,257.78509516,56.65920726,83991
260.0966140249,20.2826120366,84840,17 20 23.22,+20 16 58.9,9.83,260.09674483,20.28303437,8.6,-50.48,-173.76,1.49,0.795,,260.09661402,20.28261204,84769
260.7991962109,-51.0243918176,85072,17 23 11.81,-51 01 27.8,10.53,260.79922299,-51.02438246,7.31,-6.93,-3.85,4.97,0.658,,260.79919621,-51.02439182,85001
261.3502300202,52.7906836676,85268,17 25 24.14,+52 47 26.9,6.46,261.35059537,52.79080663,36.8,-90.9,-50.59,0.54,0.619,,261.35023002,52.79068367,85197
261.9211373568,57.5104975811,85444,17 27 41.09,+57 30 37.7,8.37,261.92119324,57.51046472,6.45,-12.35,13.52,0.71,0.334,,261.92113736,57.51049758,85373
262.3352639633,-38.645635514,85583,17 29 20.47,-38 38 43.6,8.48,262.33529082,-38.64545033,11.64,-8.63,-76.19,1.68,0.578,,262.33526396,-38.64563551,85511
263.7581123259,40.6950614386,86040,17 35 01.95,+40 41 42.2,9.07,263.7581314,40.69506664,3.47,-5.95,-2.14,0.89,0.589,,263.75811233,40.69506144,85966
263.8519452233,64.3804512646,86067,17 35 24.45,+64 22 50.3,8.74,263.8518785,64.3806329,13.26,11.87,-74.73,0.8,0.649,,263.85194522,64.38045126,85994
266.1675263713,-44.24584782,86844,17 44 40.20,-44 14 44.7,9.85,266.16749424,-44.24576207,4.05,9.47,-35.28,1.94,0.527,,266.16752637,-44.24584782,86769
269.8072283152,64.1425767662,88071,17 59 13.71,+64 08 33.1,7.31,269.80713168,64.14254111,13.71,17.34,14.67,1.71,0.435,,269.80722832,64.14257677,87994
279.712788324,-85.708950952,91434,18 38 49.92,-85 42 31.9,8.11,279.70799692,-85.70884796,15.89,147.5,-42.38,0.7,0.58,,279.71278832,-85.70895095,91352
281.0399626197,75.9909395538,91906,18 44 09.89,+75 59 26.0,10.71,281.04119258,75.9905653,24.86,-122.5,153.98,1.48,1.38,G,281.03996262,75.99093955,91822
281.7084425248,12.5545017639,92146,18 46 50.02,+12 33 16.2,7.9,281.70841481,12.55449875,2.47,11.13,1.24,1.0,0.111,,281.70844252,12.55450176,92062
282.000348282,48.5422190675,92247,18 48 00.08,+48 32 31.9,9.24,282.00031392,48.54219938,4.27,9.36,8.1,0.93,0.307,,282.00034828,48.54221907,92163
283.5361356911,-36.6565594217,92759,18 54 08.66,-36 39 23.0,9.79,283.53608467,-36.65639463,26.57,16.84,-67.8,1.86,0.958,,283.53613569,-36.65655942,92674
283.7945228494,64.531329745,92848,18 55 10.68,+64 31 52.8,9.81,283.79448741,64.53132362,3.59,6.27,2.52,1.98,0.504,,283.79452285,64.53132974,92763
286.2283065995,79.7551360866,93711,19 04 54.84,+79 45 16.8,9.72,286.2284792,79.75466242,30.79,-12.63,194.88,2.08,1.102,,286.2283066,79.75513609,93626
287.7410530599,-60.2721983833,94235,19 10 57.84,-60 16 19.0,8.31,287.74098787,-60.27195805,17.49,13.3,-98.88,1.08,0.622,,287.74105306,-60.27219838,94150
290.9772063908,-33.3513820422,95348,19 23 54.54,-33 21 04.9,9.62,290.97726735,-33.35136182,7.52,-20.95,-8.32,2.46,0.0,D,290.97720639,-33.35138204,95263
291.3736481865,-60.9410063343,95502,19 25 29.66,-60 56 27.5,9.71,291.37356762,-60.94098356,2.21,16.1,-9.37,1.59,0.348,,291.37364819,-60.94100633,95416
291.4630740676,25.189454579,95526,19 25 51.14,+25 11 22.1,8.98,291.46307208,25.18946802,2.98,0.74,-5.53,1.35,0.097,,291.46307407,25.18945458,95441
292.1952883302,-36.0002577544,95774,19 28 46.87,-36 00 00.9,7.46,292.19528124,-36.00025931,5.38,2.36,0.64,1.34,0.131,,292.19528833,-36.00025775,95689
293.2858122263,-54.5323758035,96160,19 33 08.49,-54 31 55.8,8.67,293.2853574,-54.53217103,16.9,108.58,-84.25,1.19,0.653,,293.28581223,-54.5323758,96075
294.6613935406,31.219224401,96618,19 38 38.73,+31 13 09.3,7.59,294.66138689,31.21924071,8.18,2.34,-6.71,0.72,0.087,,294.66139354,31.2192244,96531
295.4682697106,23.3779935774,96902,19 41 52.34,+23 22 42.2,8.56,295.46808605,23.37839214,10.91,69.36,-163.98,1.31,0.642,,295.46826971,23.37799358,96814
296.2443300137,74.0627386044,97166,19 44 58.60,+74 03 45.6,9.92,296.24416245,74.06267016,14.7,18.93,28.16,0.9,0.891,,296.24433001,74.0627386,97079
299.6374374087,-54.9368877598,98316,19 58 32.87,-54 56 11.7,8.54,299.63697548,-54.93659116,43.91,109.18,-122.03,1.17,1.05,,299.63743741,-54.93688776,98227
300.2126870686,-43.9819396316,98516,20 00 51.01,-43 58 53.9,7.66,300.21253716,-43.98163659,12.66,44.38,-124.68,1.04,0.442,,300.21268707,-43.98193963,98427
300.7739974734,26.8920185368,98726,20 03 05.76,+26 53 31.3,7.87,300.77398848,26.89201545,0.31,3.3,1.27,0.84,-0.069,,300.77399747,26.89201854,98637
302.023989405,66.8505755065,99175,20 08 05.53,+66 51 02.6,8.97,302.02304848,66.85073211,18.6,152.19,-64.43,0.82,0.763,,302.02398941,66.85057551,99086
302.114164869,-54.3174356274,99212,20 08 27.40,-54 19 02.6,8.95,302.11415466,-54.31739336,11.34,2.45,-17.39,1.19,0.564,,302.11416487,-54.31743563,99123
302.1476772516,-71.5524873575,99227,20 08 35.44,-71 33 09.1,7.89,302.14764791,-71.55251492,4.02,3.82,11.34,1.41,0.153,,302.14767725,-71.55248736,99138
303.295217422,36.7254850322,99628,20 13 10.85,+36 43 31.8,8.52,303.2952163,36.72549106,2.4,0.37,-2.48,0.87,0.126,,303.29521742,36.72548503,99539
305.9462255702,37.9827419785,100577,20 23 47.09,+37 58 57.9,8.6,305.94620935,37.98274035,3.58,5.26,0.67,0.86,0.055,,305.94622557,37.98274198,100488
307.8598080151,39.9388281319,101252,20 31 26.34,+39 56 19.6,7.59,307.85975292,39.938775,5.36,17.38,21.86,0.65,0.058,,307.85980802,39.93882813,101163
308.5386767442,-29.6721072188,101503,20 34 09.23,-29 40 18.6,10.0,308.53845385,-29.67182666,12.13,79.68,-115.43,1.62,0.81,,308.53867674,-29.67210722,101414
308.5671409321,43.3610220119,101511,20 34 16.10,+43 21 40.4,7.28,308.56708644,43.36121038,13.14,16.3,-77.5,0.61,0.392,,308.56714093,43.36102201,101422
310.4434136247,-68.1350563922,102133,20 41 46.40,-68 08 06.4,8.37,310.44331847,-68.13509917,6.43,14.58,17.6,0.94,0.543,,310.44341362,-68.13505639,102039
310.9117547115,19.727976546,102295,20 43 38.80,+19 43 40.8,7.85,310.91168045,19.72800598,5.17,28.76,-12.11,1.73,0.657,,310.91175471,19.72797655,102201
311.4353702668,43.4451480935,102460,20 45 44.49,+43 26 42.5,8.68,311.43536481,43.44514559,3.32,1.63,1.03,0.84,-0.035,,311.43537027,43.44514809,102366
312.1780965147,51.910330999,102712,20 48 42.74,+51 54 37.2,6.26,312.17807122,51.91032519,4.12,6.42,2.39,0.6,-0.071,,312.17809651,51.910331,102618
316.2036022374,55.5879209435,104051,21 04 48.85,+55 35 16.3,8.03,316.20355166,55.58786419,7.53,11.76,23.35,0.6,0.268,,316.20360224,55.58792094,103957
317.5515546581,10.7388737762,104513,21 10 12.38,+10 44 19.9,8.28,317.55156584,10.73886262,4.74,-4.52,4.59,1.16,0.271,,317.55155466,10.73887378,104420
320.1160626237,61.1202318817,105363,21 20 27.85,+61 07 12.8,8.65,320.11603882,61.12022459,2.74,4.73,3.0,0.79,0.05,,320.11606262,61.12023188,105269
322.3778488297,21.4749161504,106097,21 29 30.69,+21 28 30.5,8.64,322.3778744,21.47513264,14.62,-9.79,-89.07,1.08,0.648,,322.37784883,21.47491615,106003
323.2068819285,39.0722229117,106386,21 32 49.66,+39 04 20.1,8.81,323.20690184,39.07224712,0.44,-6.36,-9.96,1.44,0.18,,323.20688193,39.07222291,106292
327.9476337371,-70.3516945777,107911,21 51 47.39,-70 21 05.7,7.8,327.947457,-70.3515713,8.66,24.45,-50.72,0.73,0.529,,327.94763374,-70.35169458,107815
328.7137318814,-77.3379946691,108162,21 54 50.70,-77 20 15.2,8.23,328.71125142,-77.3375425,37.91,223.7,-186.04,1.18,1.0,D,328.71373188,-77.33799467,108067
329.3850199177,41.4495106158,108390,21 57 32.40,+41 26 58.2,8.33,329.38499657,41.44951047,3.27,7.2,0.06,0.81,0.13,,329.38501992,41.44951062,108294
330.794884729,18.8843186107,108859,22 03 10.75,+18 53 03.7,7.65,330.79481049,18.88436326,21.24,28.9,-18.37,1.0,0.594,,330.79488473,18.88431861,108764
331.3074770796,66.7752649284,109028,22 05 13.77,+66 46 30.9,8.72,331.3073784,66.77524755,4.53,16.01,7.15,0.69,0.156,,331.30747708,66.77526493,108933
333.2450040131,53.9845354454,109669,22 12 58.80,+53 59 04.3,8.54,333.24498566,53.98453931,1.61,4.44,-1.59,0.95,0.1,,333.24500401,53.98453545,109574
336.4022710265,-34.9095831564,110692,22 25 36.53,-34 54 34.2,10.55,336.40219687,-34.90950883,24.49,25.02,-30.58,1.97,1.21,,336.40227103,-34.90958316,110597
336.5757882956,-18.011171265,110758,22 26 18.14,-18 00 39.2,8.24,336.57560162,-18.01089372,12.8,73.04,-114.19,1.14,0.547,,336.5757883,-18.01117127,110663
338.9846472636,-59.8644685941,111553,22 35 56.44,-59 51 51.3,7.95,338.98517143,-59.86426105,20.98,-108.27,-85.39,0.98,0.614,,338.98464726,-59.86446859,111457
339.2309485003,37.6755607521,111636,22 36 55.43,+37 40 32.1,10.4,339.23096235,37.6755862,2.78,-4.51,-10.47,2.74,0.13,,339.2309485,37.67556075,111540
339.8159531605,33.8894891965,111842,22 39 15.83,+33 53 22.2,8.87,339.81597676,33.88950395,2.18,-8.06,-6.07,1.47,0.571,,339.81595316,33.8894892,111745
340.5915303622,-6.8711292043,112100,22 42 21.96,-06 52 16.2,8.74,340.59150167,-6.87116943,14.09,11.72,16.55,1.47,0.614,,340.59153036,-6.8711292,112002
341.3863137329,48.1615845664,112363,22 45 32.72,+48 09 41.8,8.68,341.38631898,48.16160299,0.59,-1.44,-7.58,1.02,0.004,,341.38631373,48.16158457,112264
343.5723668422,-43.0103489815,113103,22 54 17.37,-43 00 37.5,9.95,343.57236056,-43.01041361,22.4,1.89,26.59,1.47,0.969,,343.57236684,-43.01034898,113003
343.8538520521,70.2972828134,113195,22 55 24.86,+70 17 50.2,7.48,343.85356786,70.29728189,11.92,39.42,0.38,0.6,0.298,,343.85385205,70.29728281,113095
344.1276773262,-76.7978258314,113293,22 56 31.11,-76 47 52.5,9.56,344.12962379,-76.79791312,13.22,-182.9,35.91,1.1,0.696,,344.12767733,-76.79782583,113193
344.1754311404,43.8874445801,113300,22 56 42.10,+43 53 15.0,9.24,344.17543168,43.88750391,7.04,-0.16,-24.41,1.11,0.399,,344.17543114,43.88744458,113200
345.1554396915,46.0325521283,113609,23 00 37.31,+46 01 57.2,9.22,345.15545233,46.03256117,2.73,-3.61,-3.72,1.26,0.103,,345.15543969,46.03255213,113509
345.778901479,-33.500393236,113831,23 03 06.90,-33 30 01.2,8.85,345.77874554,-33.50034375,8.37,53.5,-20.36,1.84,0.499,,345.77890148,-33.50039324,113731
346.3190871131,-36.9455313883,114003,23 05 16.57,-36 56 43.7,9.17,346.31904408,-36.94547218,5.08,14.15,-24.36,1.33,0.485,,346.31908711,-36.94553139,113903
348.1607931037,2.686221491,114576,23 12 38.55,+02 41 11.7,7.71,348.16064492,2.68657905,15.21,60.9,-147.11,0.95,0.622,,348.1607931,2.68622149,114475
349.2159543051,5.6960037894,114941,23 16 51.81,+05 41 45.8,10.51,349.21588833,5.69606922,38.08,27.01,-26.92,1.81,1.5,,349.21595431,5.69600379,114840
350.491264512,-40.17431187,115358,23 21 57.90,-40 10 27.5,9.93,350.49124409,-40.17429962,3.94,6.42,-5.04,2.56,0.542,,350.49126451,-40.17431187,115257
351.2291697641,-38.1607108394,115594,23 24 54.97,-38 09 38.4,9.43,351.22904151,-38.16065902,4.11,41.49,-21.32,2.78,0.547,,351.22916976,-38.16071084,115492
351.6484603361,64.3047240562,115710,23 26 35.64,+64 18 17.0,7.82,351.64848175,64.30473565,5.37,-3.82,-4.77,0.7,0.278,,351.64846034,64.30472406,115608
351.9877314171,-26.4544317477,115828,23 27 56.96,-26 27 15.6,8.27,351.98733812,-26.45432196,16.76,144.87,-45.17,1.09,0.593,,351.98773142,-26.45443175,115726
352.7563396427,-19.4899911575,116061,23 31 01.51,-19 29 24.1,9.06,352.75627155,-19.49001697,4.84,26.41,10.62,1.59,0.423,,352.75633964,-19.48999116,115958
353.0336359108,-21.8014240629,116158,23 32 08.13,-21 48 05.6,8.15,353.03388803,-21.80154457,9.44,-96.31,49.58,1.25,0.909,,353.03363591,-21.80142406,116055
354.8366622886,45.7199084408,116726,23 39 20.80,+45 43 11.8,7.62,354.83668255,45.71993892,3.7,-5.82,-12.54,1.27,0.444,,354.83666229,45.71990844,116623
354.9144980094,-69.1957500537,116748,23 39 39.35,-69 11 44.1,8.17,354.91395712,-69.19558694,21.64,79.04,-67.11,1.32,0.78,,354.91449801,-69.19575005,116644
355.4669677648,14.1071076351,116907,23 41 51.96,+14 06 26.2,11.98,355.46651448,14.10727408,21.63,180.87,-68.48,3.96,1.431,,355.46696776,14.10710764,116804
356.6218948482,81.378060995,117249,23 46 29.29,+81 22 41.0,7.97,356.62204417,81.37806712,5.23,-9.21,-2.52,0.63,0.264,,356.62189485,81.37806099,117145
356.6290888252,-48.9581320924,117250,23 46 31.06,-48 57 29.5,8.88,356.62939847,-48.95820394,9.91,-83.65,29.56,1.19,0.589,,356.62908883,-48.95813209,117146
357.0011869776,49.790535761,117382,23 48 00.27,+49 47 25.9,8.79,357.00113009,49.79053632,3.91,15.11,-0.23,1.25,0.056,,357.00118698,49.79053576,117277
359.1615084958,-44.7190777575,118045,23 56 38.63,-44 43 08.0,9.37,359.16095046,-44.71889537,13.22,163.14,-75.04,1.32,0.692,,359.1615085,-44.71907776,117941
